<?xml version='1.0' encoding='utf-8' standalone='yes' ?>
<map>
    <long name="first_open_time" value="1746444113251" />
    <string name="gmp_app_id">1:100414569437:android:dc3d1d9d77cd26a9545434</string>
    <string name="app_instance_id">99ee44880b2130f0961e2cbd7d93cbe5</string>
    <boolean name="app_backgrounded" value="true" />
    <long name="session_id" value="1765664731" />
    <long name="health_monitor:start" value="1765664729519" />
    <boolean name="use_service" value="true" />
    <boolean name="deferred_analytics_collection" value="false" />
    <string name="previous_os_version">15</string>
    <boolean name="has_been_opened" value="true" />
    <boolean name="allow_remote_dynamite" value="true" />
    <long name="last_pause_time" value="1765664819718" />
    <boolean name="start_new_session" value="false" />
</map>
