{"configs_key":{"prod_show_firetv":"true","prod_active_delete_account_flow":"false","and_prod_enable_delete_account_button":"false","staging_active_watch_history_flow":"false","staging_show_whatsapp_button":"true","staging_toll_free_no":"false","prod_show_whatsapp_button":"false","staging_active_delete_account_flow":"false","prod_show_subscription_note_text":"true","staging_show_firetv":"true","prod_toll_free_no_text":"1800 102 1470","SHOW_ULLU_IN_SMENU_ANDROID":"false","staging_show_couponcode":"true","staging_show_subscription_note_text":"true","staging_show_toll_free_no":"false","prod_show_toll_free_no":"false","prod_toll_free_no":"false","prod_show_couponcode":"true","staging_toll_free_no_text":"1800 102 1470","prod_active_watch_history_flow":"false"},"fetch_time_key":0,"abt_experiments_key":[]}