{"Fid":"cFyrkN7zQHmEDzmRLil19D","Status":3,"AuthToken":"eyJhbGciOiJFUzI1NiIsInR5cCI6IkpXVCJ9.eyJhcHBJZCI6IjE6MTAwNDE0NTY5NDM3OmFuZHJvaWQ6ZGMzZDFkOWQ3N2NkMjZhOTU0NTQzNCIsImV4cCI6MTc3MDQ1MDk4NywiZmlkIjoiY0Z5cmtON3pRSG1FRHptUkxpbDE5RCIsInByb2plY3ROdW1iZXIiOjEwMDQxNDU2OTQzN30.AB2LPV8wRgIhALIJBh7_M45Of2jHtDnEkiHMUPVcyftnCXo6GUqPfZhZAiEAuLG3YzJgplrxeeXA66IBdFhSIJuvUlniMB2lN_IPb94","RefreshToken":"3_AS3qfwLdThXeE_SEPeQ9s_zcKkRJ8HkUJFkw03atMrE0p-5NqqRVeUzkli9qRYiJ01LvQHLrVtdC0t3zCxnbbggZ2R3E_AvhvU4MHT5LOcUQynU","TokenCreationEpochInSecs":1769846188,"ExpiresInSecs":604800}