{"Fid":"fGNp9ZW6StOipUuc-fKOiz","Status":3,"AuthToken":"eyJhbGciOiJFUzI1NiIsInR5cCI6IkpXVCJ9.eyJhcHBJZCI6IjE6MTAwNDE0NTY5NDM3OmFuZHJvaWQ6ZGMzZDFkOWQ3N2NkMjZhOTU0NTQzNCIsImV4cCI6MTc2NjI2OTUyNiwiZmlkIjoiZkdOcDlaVzZTdE9pcFV1Yy1mS09peiIsInByb2plY3ROdW1iZXIiOjEwMDQxNDU2OTQzN30.AB2LPV8wRQIgaLV41EAbZj95DxZUnqO7UH__lsv9BHtWgi2lqSFg1PgCIQCZVivbrhXIAwcm7GFUkjApiW9rDntnwTrQtmVFaMdI0A","RefreshToken":"3_AS3qfwI3z5aXTcF4lWDlVMqGD4wPXZpFrenmcYGRH9CTmJnhjgoRQIYXNBz7BIctG0v78u1W1OgL0vIY55qf4nPyJEKka6jQmHSeeL4TqtREmQ","TokenCreationEpochInSecs":1765664725,"ExpiresInSecs":604800}